keyword,status
"""ダイエット,食事制限,やり方""",unused
"""ダイエット,食事制限,注意点""",unused
"""ダイエット,食事制限,成功例""",unused
"""ダイエット,筋トレ,効果""",unused
"""ダイエット,筋トレ,メニュー""",unused
"""ダイエット,筋トレ,頻度""",unused
"""ダイエット,有酸素運動,効果""",unused
"""ダイエット,有酸素運動,種類""",unused
"""ダイエット,有酸素運動,時間""",unused
"""ダイエット,初心者,方法""",unused
"""ダイエット,朝食,おすすめ""",unused
"""ダイエット,夜ご飯,おすすめ""",unused
"""ダイエット,間食,選び方""",unused
"""ヨガ,料金,安い""",unused
"""ヨガ,料金,相場""",unused
"""ヨガ,料金,比較""",used
"""ヨガ,オンライン,おすすめ""",unused
"""ヨガ,オンライン,無料""",unused
"""ヨガ,オンライン,比較""",unused
"""ヨガ,初心者,始め方""",unused
"""ヨガ,初心者,ポーズ""",unused
"""ヨガ,自宅,方法""",unused
"""ヨガ,自宅,効果""",unused
"""プロテイン,おすすめ,初心者""",unused
"""プロテイン,おすすめ,女性""",unused
"""プロテイン,おすすめ,男性""",unused
"""プロテイン,おすすめ,コスパ""",unused
"""プロテイン,ホエイ,おすすめ""",unused
"""プロテイン,ソイ,おすすめ""",unused
"""プロテイン,カゼイン,おすすめ""",unused
"""プロテイン,味,比較""",unused
"""プロテイン,飲み方,基本""",unused
"""プロテイン,飲むタイミング,朝""",unused
"""プロテイン,飲むタイミング,夜""",unused
"""プロテイン,ダイエット,向き""",unused
"""サプリメント,通販,おすすめ""",unused
"""サプリメント,通販,ランキング""",unused
"""サプリメント,通販,安い""",unused
"""サプリメント,DHA,効果""",unused
"""サプリメント,DHA,おすすめ""",unused
"""サプリメント,人気,比較""",unused
"""サプリメント,人気,ランキング""",unused
"""サプリメント,サブスク,メリット""",unused
"""睡眠,質,上げる方法""",unused
"""睡眠,質,改善""",unused
"""睡眠,体内時計,整える""",unused
"""睡眠,体内時計,リセット""",unused
"""睡眠,就寝前,習慣""",unused
"""睡眠,環境,改善""",unused
"""睡眠,寝室,作り方""",unused
"""免疫力,上げる方法,食事""",unused
"""免疫力,上げる方法,習慣""",unused
"""免疫力,腸内環境,改善""",unused
"""免疫力,腸内環境,食べ物""",unused
"""免疫力,運動,効果""",unused
"""免疫力,ストレス,対策""",unused
"""コレステロール,下げる方法,食事""",unused
"""コレステロール,下げる方法,運動""",unused
"""コレステロール,原因,生活習慣""",unused
"""頭痛,種類,対処法""",unused
"""頭痛,種類,一覧""",unused
"""頭痛,対処法,即効""",unused
"""頭痛,緊張型,改善""",unused
"""頭痛,片頭痛,対策""",unused
"""めまい,原因,対策""",unused
"""めまい,原因,一覧""",unused
"""めまい,病気,種類""",unused
"""めまい,治し方,自宅""",unused
"""めまい,ストレス,対処""",unused
"""スキンケア,順番,基本""",unused
"""スキンケア,順番,朝""",unused
"""スキンケア,順番,夜""",unused
"""スキンケア,初心者,方法""",unused
"""スキンケア,通販,おすすめ""",unused
"""スキンケア,通販,ランキング""",unused
"""スキンケア,安い,商品""",unused
"""クレンジング,おすすめ,比較""",unused
"""クレンジング,おすすめ,毛穴""",unused
"""クレンジング,おすすめ,敏感肌""",unused
"""洗顔,おすすめ,人気""",unused
"""洗顔,おすすめ,乾燥肌""",unused
"""洗顔,おすすめ,脂性肌""",unused
"""化粧水,美白,おすすめ""",unused
"""化粧水,美白,ランキング""",unused
"""化粧水,敏感肌,おすすめ""",unused
"""化粧水,敏感肌,プチプラ""",unused
"""美容液,効果,比較""",unused
"""美容液,毛穴,おすすめ""",unused
"""美容液,美白,おすすめ""",unused
"""乳液,クリーム,違い""",unused
"""乳液,使い方,基本""",unused
"""日焼け止め,おすすめ,人気""",unused
"""日焼け止め,おすすめ,顔用""",unused
"""ファンデーション,リキッド,おすすめ""",unused
"""ファンデーション,リキッド,人気""",unused
"""ファンデーション,クッション,比較""",unused
"""ファンデーション,クッション,人気""",unused
"""ファンデーション,カバー力,高い""",unused
"""アイシャドウ,パレット,おすすめ""",unused
"""アイシャドウ,ブラウン,人気""",unused
"""アイシャドウ,ブラウン,おすすめ""",unused
"""アイシャドウ,ピンク,おすすめ""",unused
"""アイシャドウ,ラメ,人気""",unused
"""リップ,ティント,おすすめ""",unused
"""リップ,ティント,落ちない""",unused
"""リップ,マット,おすすめ""",unused
"""リップ,保湿,おすすめ""",unused
"""リップ,韓国コスメ,人気""",unused
"""チーク,ピンク,おすすめ""",unused
"""チーク,ピンク,人気""",unused
"""チーク,オレンジ,おすすめ""",unused
"""マスカラ,ロング,おすすめ""",unused
"""マスカラ,ロング,人気""",unused
"""マスカラ,ボリューム,おすすめ""",unused
"""マスカラ,カールキープ,人気""",unused
"""アイライナー,リキッド,おすすめ""",unused
"""アイライナー,リキッド,人気""",unused
"""アイライナー,ペンシル,おすすめ""",unused
"""シャンプー,ノンシリコン,おすすめ""",unused
"""シャンプー,ノンシリコン,人気""",unused
"""シャンプー,ダメージケア,おすすめ""",unused
"""シャンプー,スカルプケア,人気""",unused
"""コンディショナー,トリートメント,違い""",unused
"""コンディショナー,おすすめ,人気""",unused
"""コンディショナー,無添加,おすすめ""",unused
"""Tシャツ,メンズ,おすすめ""",unused
"""Tシャツ,メンズ,人気""",unused
"""Tシャツ,レディース,人気""",unused
"""Tシャツ,コットン,比較""",unused
"""パーカー,メンズ,おすすめ""",unused
"""パーカー,メンズ,人気""",unused
"""パーカー,オーバーサイズ,人気""",unused
"""スニーカー,ナイキ,おすすめ""",unused
"""スニーカー,ナイキ,人気""",unused
"""スニーカー,アディダス,おすすめ""",unused
"""スニーカー,アディダス,人気""",unused
"""靴,種類,解説""",unused
"""靴,ランニングシューズ,おすすめ""",unused
"""靴,ランニングシューズ,人気""",unused
"""バッグ,リュック,おすすめ""",unused
"""バッグ,リュック,人気""",unused
"""バッグ,トート,人気""",unused
"""ソファ,2人掛け,おすすめ""",unused
"""ソファ,2人掛け,人気""",unused
"""ソファ,3人掛け,おすすめ""",unused
"""ベッド,選び方,基本""",unused
"""ベッド,シングル,おすすめ""",unused
"""ベッド,シングル,人気""",unused
"""ベッド,ダブル,おすすめ""",unused
"""照明,間接照明,おしゃれ""",unused
"""照明,間接照明,人気""",unused
"""照明,LED,おすすめ""",unused
"""照明,LED,人気""",unused
"""スマートフォン,おすすめ,比較""",unused
"""スマートフォン,おすすめ,2026""",unused
"""スマートフォン,Android,おすすめ""",unused
"""iPhone,最新,比較""",unused
"""iPhone,在庫,状況""",used
"""ノートパソコン,軽量,おすすめ""",unused
"""ノートパソコン,軽量,人気""",unused
"""ノートパソコン,高性能,比較""",unused
"""ヘッドフォン,ノイズキャンセリング,おすすめ""",unused
"""ヘッドフォン,ノイキャン,人気""",unused
"""ヘッドフォン,ワイヤレス,おすすめ""",unused
"""スピーカー,Bluetooth,おすすめ""",unused
"""スピーカー,Bluetooth,人気""",unused
"""スピーカー,防水,おすすめ""",unused
"""プログラミング,初心者,学習方法""",unused
"""プログラミング,初心者,おすすめ言語""",unused
"""プログラミング,独学,方法""",unused
"""プログラミング,独学,ロードマップ""",unused
"""Python,入門,初心者""",unused
"""Python,入門,学習""",unused
"""JavaScript,フレームワーク,比較""",unused
"""副業,おすすめ,未経験""",unused
"""副業,未経験,おすすめ""",unused
"""副業,在宅,稼げる""",unused
"""副業,在宅,人気""",unused
"""フリーランス,始め方,案件""",unused
"""フリーランス,始め方,完全ガイド""",unused
"""転職,IT,おすすめ""",unused
"""転職,IT,求人""",unused
"""転職,サイト,比較""",unused
"""起業,方法,初心者""",unused
"""起業,初心者,ステップ""",unused
"""起業,アイデア,一覧""",unused
"""起業,アイデア,ビジネス""",unused
"""犬,飼い方,初心者""",unused
"""犬,しつけ,方法""",unused
"""犬,おすすめ,犬種""",unused
"""犬,散歩,頻度""",unused
"""犬,餌,おすすめ""",unused
"""犬,トイレトレーニング,やり方""",unused
"""猫,飼い方,初心者""",unused
"""猫,しつけ,方法""",unused
"""猫,おすすめ,種類""",unused
"""猫,餌,おすすめ""",unused
"""猫,トイレ,しつけ""",unused
"""ハムスター,飼い方,初心者""",unused
"""ハムスター,ケージ,おすすめ""",unused
"""ハムスター,餌,種類""",unused
"""ハムスター,寿命,平均""",unused
"""うさぎ,飼い方,初心者""",unused
"""うさぎ,餌,おすすめ""",unused
"""うさぎ,トイレ,しつけ""",unused
"""うさぎ,寿命,平均""",unused
"""インコ,飼い方,初心者""",unused
"""インコ,餌,おすすめ""",unused
"""インコ,寿命,平均""",unused
"""インコ,なつく,方法""",unused
"""熱帯魚,飼い方,初心者""",unused
"""熱帯魚,水槽,おすすめ""",unused
"""熱帯魚,餌,種類""",unused
"""熱帯魚,水換え,頻度""",unused
"""爬虫類,飼い方,初心者""",unused
"""爬虫類,おすすめ,種類""",unused
"""爬虫類,餌,種類""",unused
"""爬虫類,温度管理,方法""",unused
"""ペット,初心者,おすすめ""",unused
"""ペット,一人暮らし,おすすめ""",unused
"""ペット,費用,どれくらい""",unused
"""ペット,人気,ランキング""",unused
